Country Name,Country Code,Series Name,Series Code,2014 [YR2014],2015 [YR2015],2016 [YR2016],2017 [YR2017],2018 [YR2018]
Afghanistan,AFG,"Population, total",SP.POP.TOTL,33370794,34413603,35383128,36296400,37172386
Afghanistan,AFG,GDP per capita (constant 2010 US$),NY.GDP.PCAP.KD,583.656192833123,574.184114271259,571.07377452356,571.440690906349,564.609991742901
Albania,ALB,"Population, total",SP.POP.TOTL,2889104,2880703,2876101,2873457,2866376
Albania,ALB,GDP per capita (constant 2010 US$),NY.GDP.PCAP.KD,4413.29689127908,4524.3730858712,4681.82656299266,4864.31061630449,5074.85722194352
Algeria,DZA,"Population, total",SP.POP.TOTL,38923687,39728025,40551404,41389198,42228429
Algeria,DZA,GDP per capita (constant 2010 US$),NY.GDP.PCAP.KD,4700.640562933,4775.87329508677,4828.62605944022,4792.38724221245,4753.51098744717
American Samoa,ASM,"Population, total",SP.POP.TOTL,55791,55812,55741,55620,55465
American Samoa,ASM,GDP per capita (constant 2010 US$),NY.GDP.PCAP.KD,9717.82905631836,9850.56503409338,9589.9798367323,9048.18252237097,9271.71200951825
Andorra,AND,"Population, total",SP.POP.TOTL,79213,78011,77297,77001,77006
Andorra,AND,GDP per capita (constant 2010 US$),NY.GDP.PCAP.KD,40914.7285238633,42140.9617984695,44107.9563309965,44430.7440094935,45133.7136149095
Angola,AGO,"Population, total",SP.POP.TOTL,26941779,27884381,28842484,29816748,30809762
Angola,AGO,GDP per capita (constant 2010 US$),NY.GDP.PCAP.KD,3843.19787714916,3748.32011771476,3530.31067153378,3409.93030259958,3233.90623484048
Antigua and Barbuda,ATG,"Population, total",SP.POP.TOTL,92562,93566,94527,95426,96286
Antigua and Barbuda,ATG,GDP per capita (constant 2010 US$),NY.GDP.PCAP.KD,12976.3314609289,13328.1466479391,13917.9511172561,14220.5021076325,15134.8841569088
Argentina,ARG,"Population, total",SP.POP.TOTL,42669500,43131966,43590368,44044811,44494502
Argentina,ARG,GDP per capita (constant 2010 US$),NY.GDP.PCAP.KD,10398.6940069464,10568.1578087083,10239.4813479933,10419.455405282,10049.5552392518
Armenia,ARM,"Population, total",SP.POP.TOTL,2912403,2925553,2936146,2944809,2951776
Armenia,ARM,GDP per capita (constant 2010 US$),NY.GDP.PCAP.KD,3819.21778720313,3923.71650211228,3917.37967561964,4198.79474869834,4406.70643384286
Aruba,ABW,"Population, total",SP.POP.TOTL,103774,104341,104872,105366,105845
Aruba,ABW,GDP per capita (constant 2010 US$),NY.GDP.PCAP.KD,24563.2343250816,25822.2513745534,26231.0266768348,26630.2052807325,..
Australia,AUS,"Population, total",SP.POP.TOTL,23475686,23815995,24190907,24601860,24982688
Australia,AUS,GDP per capita (constant 2010 US$),NY.GDP.PCAP.KD,54679.4164458288,55079.8923433681,55728.6822551091,56058.4659514366,56832.0504820575
Austria,AUT,"Population, total",SP.POP.TOTL,8546356,8642699,8736668,8797566,8840521
Austria,AUT,GDP per capita (constant 2010 US$),NY.GDP.PCAP.KD,47842.7489082353,47789.3850154389,48215.8905287218,49031.1070286152,50051.7859126367
Azerbaijan,AZE,"Population, total",SP.POP.TOTL,9535079,9649341,9757812,9854033,9939771
Azerbaijan,AZE,GDP per capita (constant 2010 US$),NY.GDP.PCAP.KD,6072.64612808803,6063.7178320377,5812.60867097356,5764.69251955865,5800.71518438101
"Bahamas, The",BHS,"Population, total",SP.POP.TOTL,370633,374206,377931,381761,385640
"Bahamas, The",BHS,GDP per capita (constant 2010 US$),NY.GDP.PCAP.KD,27785.281087525,27583.4087373028,27705.927063117,28282.518097005,28845.2557704818
Bahrain,BHR,"Population, total",SP.POP.TOTL,1336075,1371851,1425791,1494074,1569439
Bahrain,BHR,GDP per capita (constant 2010 US$),NY.GDP.PCAP.KD,22395.3060349444,22353.3596020299,22272.9668967477,22167.0782833708,21478.1144253022
Bangladesh,BGD,"Population, total",SP.POP.TOTL,154520167,156256276,157970840,159670593,161356039
Bangladesh,BGD,GDP per capita (constant 2010 US$),NY.GDP.PCAP.KD,951.314947969132,1002.38886567839,1062.04005915791,1127.2715619676,1203.21642542608
Barbados,BRB,"Population, total",SP.POP.TOTL,284825,285324,285796,286233,286641
Barbados,BRB,GDP per capita (constant 2010 US$),NY.GDP.PCAP.KD,15484.9468972176,15836.3824984929,16202.1161947683,16254.2404265057,16136.9099326335
Belarus,BLR,"Population, total",SP.POP.TOTL,9474511,9489616,9501534,9498264,9483499
Belarus,BLR,GDP per capita (constant 2010 US$),NY.GDP.PCAP.KD,6649.64932834342,6384.81714492541,6215.70186550089,6375.28892983321,6586.2977396088
Belgium,BEL,"Population, total",SP.POP.TOTL,11209057,11274196,11331422,11375158,11427054
Belgium,BEL,GDP per capita (constant 2010 US$),NY.GDP.PCAP.KD,44855.9702018757,45507.2310582037,45850.9330303307,46409.1300759444,47035.6139543386
Belize,BLZ,"Population, total",SP.POP.TOTL,353366,360933,368400,375769,383071
Belize,BLZ,GDP per capita (constant 2010 US$),NY.GDP.PCAP.KD,4270.94510387408,4300.55933820061,4216.97726841129,4211.59954966434,4217.20716116883
Benin,BEN,"Population, total",SP.POP.TOTL,10286842,10575952,10872067,11175204,11485048
Benin,BEN,GDP per capita (constant 2010 US$),NY.GDP.PCAP.KD,1140.44775377804,1128.99638029977,1134.92453620908,1166.76057483953,1211.31656294328
Bermuda,BMU,"Population, total",SP.POP.TOTL,65138,65237,64554,63873,63920
Bermuda,BMU,GDP per capita (constant 2010 US$),NY.GDP.PCAP.KD,89153.7559893109,89708.8258715522,90062.1613062341,94309.5848817737,93832.3666163461
Bhutan,BTN,"Population, total",SP.POP.TOTL,719056,727876,736709,745568,754394
Bhutan,BTN,GDP per capita (constant 2010 US$),NY.GDP.PCAP.KD,2639.60088264112,2780.81953888315,2970.76650663428,3072.02029929191,3128.83549606004
Bolivia,BOL,"Population, total",SP.POP.TOTL,10706517,10869730,11031813,11192854,11353142
Bolivia,BOL,GDP per capita (constant 2010 US$),NY.GDP.PCAP.KD,2286.01317207209,2361.05653658841,2425.56157524695,2490.95622581417,2559.51119070116
Bosnia and Herzegovina,BIH,"Population, total",SP.POP.TOTL,3482104,3429361,3386267,3351527,3323929
Bosnia and Herzegovina,BIH,GDP per capita (constant 2010 US$),NY.GDP.PCAP.KD,5113.67368410914,5352.72045522849,5591.5857400054,5828.71653691876,6096.91949150311
Botswana,BWA,"Population, total",SP.POP.TOTL,2088614,2120716,2159944,2205128,2254126
Botswana,BWA,GDP per capita (constant 2010 US$),NY.GDP.PCAP.KD,7864.25098025293,7613.69852027346,7797.14647670629,7859.16899892583,8032.68193680205
Brazil,BRA,"Population, total",SP.POP.TOTL,202763735,204471769,206163058,207833831,209469333
Brazil,BRA,GDP per capita (constant 2010 US$),NY.GDP.PCAP.KD,11951.2094463497,11431.1544808449,10965.9742614391,11021.7182622703,11079.709675038
British Virgin Islands,VGB,"Population, total",SP.POP.TOTL,28989,29152,29355,29577,29802
British Virgin Islands,VGB,GDP per capita (constant 2010 US$),NY.GDP.PCAP.KD,..,..,..,..,..
Brunei Darussalam,BRN,"Population, total",SP.POP.TOTL,409769,414907,419800,424473,428962
Brunei Darussalam,BRN,GDP per capita (constant 2010 US$),NY.GDP.PCAP.KD,33416.781835931,32873.4669130359,31685.2254544178,31752.740813782,31436.8681969939
Bulgaria,BGR,"Population, total",SP.POP.TOTL,7223938,7177991,7127822,7075947,7025037
Bulgaria,BGR,GDP per capita (constant 2010 US$),NY.GDP.PCAP.KD,7322.80862919503,7663.72202887539,8012.51120825339,8353.9682378682,8674.72320233978
Burkina Faso,BFA,"Population, total",SP.POP.TOTL,17586017,18110624,18646378,19193284,19751535
Burkina Faso,BFA,GDP per capita (constant 2010 US$),NY.GDP.PCAP.KD,720.152193971001,726.712509173464,747.885688770555,771.647944054805,800.311721098057
Burundi,BDI,"Population, total",SP.POP.TOTL,9844297,10160030,10487998,10827024,11175378
Burundi,BDI,GDP per capita (constant 2010 US$),NY.GDP.PCAP.KD,245.326738733565,228.432544171606,219.961497757751,214.139246201959,210.804225834169
Cabo Verde,CPV,"Population, total",SP.POP.TOTL,518269,524743,531146,537497,543767
Cabo Verde,CPV,GDP per capita (constant 2010 US$),NY.GDP.PCAP.KD,3422.74880170376,3414.55798421071,3532.14021000002,3619.62102216948,3740.00407706064
Cambodia,KHM,"Population, total",SP.POP.TOTL,15274503,15521436,15766293,16009414,16249798
Cambodia,KHM,GDP per capita (constant 2010 US$),NY.GDP.PCAP.KD,972.742728302533,1024.62136452219,1079.63053900119,1135.84433592539,1202.62486005335
Cameroon,CMR,"Population, total",SP.POP.TOTL,22681858,23298368,23926539,24566045,25216237
Cameroon,CMR,GDP per capita (constant 2010 US$),NY.GDP.PCAP.KD,1401.75317426464,1441.78397139843,1469.19263610857,1481.7319899601,1502.16909554019
Canada,CAN,"Population, total",SP.POP.TOTL,35437435,35702908,36109487,36543321,37057765
Canada,CAN,GDP per capita (constant 2010 US$),NY.GDP.PCAP.KD,50306.9446243374,50262.027665796,50193.7504098852,51170.4758411953,51476.2007739946
Cayman Islands,CYM,"Population, total",SP.POP.TOTL,60848,61724,62569,63382,64174
Cayman Islands,CYM,GDP per capita (constant 2010 US$),NY.GDP.PCAP.KD,72742.3959856353,73741.6532661395,75102.7119654329,76439.589917984,78611.5551657543
Central African Republic,CAF,"Population, total",SP.POP.TOTL,4464175,4493170,4537687,4596028,4666377
Central African Republic,CAF,GDP per capita (constant 2010 US$),NY.GDP.PCAP.KD,334.440498597729,346.693797341047,359.600040296453,371.108792249647,379.36500856344
Chad,TCD,"Population, total",SP.POP.TOTL,13663559,14110975,14561666,15016773,15477751
Chad,TCD,GDP per capita (constant 2010 US$),NY.GDP.PCAP.KD,961.377884773844,956.659691840205,869.058685279877,817.534137105888,812.015817950141
Channel Islands,CHI,"Population, total",SP.POP.TOTL,164100,165385,166923,168665,170499
Channel Islands,CHI,GDP per capita (constant 2010 US$),NY.GDP.PCAP.KD,..,..,..,..,..
Chile,CHL,"Population, total",SP.POP.TOTL,17758959,17969353,18209068,18470439,18729160
Chile,CHL,GDP per capita (constant 2010 US$),NY.GDP.PCAP.KD,14561.3261643078,14722.366327631,14777.1488448942,14741.1924958248,15111.6954231416
China,CHN,"Population, total",SP.POP.TOTL,1364270000,1371220000,1378665000,1386395000,1392730000
China,CHN,GDP per capita (constant 2010 US$),NY.GDP.PCAP.KD,6103.74840168888,6500.41832267289,6908.10913380587,7346.8365644629,7807.0578088033
Colombia,COL,"Population, total",SP.POP.TOTL,46967706,47520667,48175048,48909844,49661056
Colombia,COL,GDP per capita (constant 2010 US$),NY.GDP.PCAP.KD,7449.32523719407,7580.27571259431,7633.38984323017,7620.91617187225,7694.42733302471
Comoros,COM,"Population, total",SP.POP.TOTL,759390,777424,795592,813892,832322
Comoros,COM,GDP per capita (constant 2010 US$),NY.GDP.PCAP.KD,1370.51335535565,1353.6634014541,1366.67572123857,1386.92236846489,1402.74035543881
"Congo, Dem. Rep.",COD,"Population, total",SP.POP.TOTL,73767447,76244544,78789127,81398764,84068091
"Congo, Dem. Rep.",COD,GDP per capita (constant 2010 US$),NY.GDP.PCAP.KD,397.341670469814,411.020573086613,407.289643138542,408.924793382014,418.988811501869
"Congo, Rep.",COG,"Population, total",SP.POP.TOTL,4736974,4856095,4980999,5110702,5244363
"Congo, Rep.",COG,GDP per capita (constant 2010 US$),NY.GDP.PCAP.KD,3281.32278717546,3097.27612486185,2711.89879143485,2520.6183640463,2303.98260129749
Costa Rica,CRI,"Population, total",SP.POP.TOTL,4795396,4847804,4899345,4949954,4999441
Costa Rica,CRI,GDP per capita (constant 2010 US$),NY.GDP.PCAP.KD,8993.5260018404,9219.38970070256,9509.73818938105,9775.85087831526,9936.58452751182
Cote d'Ivoire,CIV,"Population, total",SP.POP.TOTL,22647683,23226143,23822714,24437469,25069229
Cote d'Ivoire,CIV,GDP per capita (constant 2010 US$),NY.GDP.PCAP.KD,1379.14068216006,1463.71052702022,1529.50745372791,1600.76525651687,1667.94270502825
Croatia,HRV,"Population, total",SP.POP.TOTL,4238389,4203604,4174349,4124531,4087843
Croatia,HRV,GDP per capita (constant 2010 US$),NY.GDP.PCAP.KD,13663.1654484475,14111.2512495402,14707.2369456328,15396.801079964,15971.1476683104
Cuba,CUB,"Population, total",SP.POP.TOTL,11306902,11324781,11335109,11339259,11338138
Cuba,CUB,GDP per capita (constant 2010 US$),NY.GDP.PCAP.KD,6255.42616104799,6522.73679904185,6550.27437297674,6666.33172826664,6816.89680904415
Curacao,CUW,"Population, total",SP.POP.TOTL,155909,157980,159664,160175,159800
Curacao,CUW,GDP per capita (constant 2010 US$),NY.GDP.PCAP.KD,..,..,..,..,..
Cyprus,CYP,"Population, total",SP.POP.TOTL,1152285,1160985,1170187,1179680,1189265
Cyprus,CYP,GDP per capita (constant 2010 US$),NY.GDP.PCAP.KD,26834.011569903,27897.9581709968,29643.8388195732,30650.244788011,31506.9235229004
Czech Republic,CZE,"Population, total",SP.POP.TOTL,10525347,10546059,10566332,10594438,10629928
Czech Republic,CZE,GDP per capita (constant 2010 US$),NY.GDP.PCAP.KD,20498.7057499494,21560.8262336715,22065.4686395319,23144.4087233262,23800.9748558483
Denmark,DNK,"Population, total",SP.POP.TOTL,5643475,5683483,5728010,5764980,5793636
Denmark,DNK,GDP per capita (constant 2010 US$),NY.GDP.PCAP.KD,59437.947318035,60402.1296439052,61877.9764789002,63215.9980672126,64271.8782657946
Djibouti,DJI,"Population, total",SP.POP.TOTL,898696,913993,929112,944097,958920
Djibouti,DJI,GDP per capita (constant 2010 US$),NY.GDP.PCAP.KD,..,..,..,..,..
Dominica,DMA,"Population, total",SP.POP.TOTL,71085,71183,71307,71458,71625
Dominica,DMA,GDP per capita (constant 2010 US$),NY.GDP.PCAP.KD,7091.45943295436,6891.12022186837,7055.00162486933,6561.40740744775,6696.54374244663
Dominican Republic,DOM,"Population, total",SP.POP.TOTL,10165178,10281680,10397743,10513131,10627165
Dominican Republic,DOM,GDP per capita (constant 2010 US$),NY.GDP.PCAP.KD,6301.6962699427,6661.86504263226,7026.17815711352,7273.35376492085,7697.72192275037
Ecuador,ECU,"Population, total",SP.POP.TOTL,15951838,16212020,16491115,16785361,17084357
Ecuador,ECU,GDP per capita (constant 2010 US$),NY.GDP.PCAP.KD,5412.13164601881,5330.53915447542,5176.05880316012,5205.76302016858,5180.59899766355
"Egypt, Arab Rep.",EGY,"Population, total",SP.POP.TOTL,90424654,92442547,94447072,96442593,98423595
"Egypt, Arab Rep.",EGY,GDP per capita (constant 2010 US$),NY.GDP.PCAP.KD,2649.44769126417,2704.91976565548,2762.58897989658,2818.54737057288,2908.58392993864
El Salvador,SLV,"Population, total",SP.POP.TOTL,6295128,6325124,6356143,6388122,6420744
El Salvador,SLV,GDP per capita (constant 2010 US$),NY.GDP.PCAP.KD,3252.59449430386,3314.70065426869,3382.52239837872,3441.31327806984,3507.06085904127
Equatorial Guinea,GNQ,"Population, total",SP.POP.TOTL,1122276,1168568,1215179,1262001,1308974
Equatorial Guinea,GNQ,GDP per capita (constant 2010 US$),NY.GDP.PCAP.KD,16146.0724286193,14093.8124933866,12358.304036212,11225.3725336737,10134.6283006732
Eritrea,ERI,"Population, total",SP.POP.TOTL,..,..,..,..,..
Eritrea,ERI,GDP per capita (constant 2010 US$),NY.GDP.PCAP.KD,..,..,..,..,..
Estonia,EST,"Population, total",SP.POP.TOTL,1314545,1315407,1315790,1317384,1321977
Estonia,EST,GDP per capita (constant 2010 US$),NY.GDP.PCAP.KD,17325.5186117283,17633.5917413671,18190.4219836577,19167.5211384405,19932.8607464487
Eswatini,SWZ,"Population, total",SP.POP.TOTL,1095021,1104044,1113984,1124753,1136191
Eswatini,SWZ,GDP per capita (constant 2010 US$),NY.GDP.PCAP.KD,4578.288557442,4640.92178404281,4650.13883452151,4698.9519038769,4761.96662672648
Ethiopia,ETH,"Population, total",SP.POP.TOTL,98094253,100835458,103603501,106400024,109224559
Ethiopia,ETH,GDP per capita (constant 2010 US$),NY.GDP.PCAP.KD,449.420377149128,482.639066335501,514.057306751986,548.41948050565,570.651825161013
Faroe Islands,FRO,"Population, total",SP.POP.TOTL,47960,48051,48173,48331,48497
Faroe Islands,FRO,GDP per capita (constant 2010 US$),NY.GDP.PCAP.KD,..,..,..,..,..
Fiji,FJI,"Population, total",SP.POP.TOTL,866453,868627,872399,877459,883483
Fiji,FJI,GDP per capita (constant 2010 US$),NY.GDP.PCAP.KD,4175.40926200971,4352.46625651536,4439.59443080573,4650.30173043457,4794.68402607933
Finland,FIN,"Population, total",SP.POP.TOTL,5461512,5479531,5495303,5508214,5515525
Finland,FIN,GDP per capita (constant 2010 US$),NY.GDP.PCAP.KD,45550.6323444393,45647.6685921765,46796.3373472768,48213.3827348358,48880.18533577
France,FRA,"Population, total",SP.POP.TOTL,66312067,66548272,66724104,66864379,66965912
France,FRA,GDP per capita (constant 2010 US$),NY.GDP.PCAP.KD,41480.7696075124,41793.5447118859,42140.0368796576,43015.2106423116,43720.0263429305
French Polynesia,PYF,"Population, total",SP.POP.TOTL,271705,273124,274575,276103,277679
French Polynesia,PYF,GDP per capita (constant 2010 US$),NY.GDP.PCAP.KD,..,..,..,..,..
Gabon,GAB,"Population, total",SP.POP.TOTL,1883800,1947686,2007873,2064823,2119275
Gabon,GAB,GDP per capita (constant 2010 US$),NY.GDP.PCAP.KD,9476.59973805069,9521.288558578,9429.04631840384,9212.31972704417,9051.28130144379
"Gambia, The",GMB,"Population, total",SP.POP.TOTL,2024042,2085860,2149139,2213894,2280102
"Gambia, The",GMB,GDP per capita (constant 2010 US$),NY.GDP.PCAP.KD,747.708731949503,754.992433680038,747.002735090329,760.124705650582,791.450044695264
Georgia,GEO,"Population, total",SP.POP.TOTL,3719414,3725276,3727505,3728004,3726549
Georgia,GEO,GDP per capita (constant 2010 US$),NY.GDP.PCAP.KD,4069.42449513792,4185.81387084247,4304.89617565185,4512.76109468254,4734.37739334704
Germany,DEU,"Population, total",SP.POP.TOTL,80982500,81686611,82348669,82657002,82905782
Germany,DEU,GDP per capita (constant 2010 US$),NY.GDP.PCAP.KD,44930.7921305433,45208.062454025,45844.6381197286,46862.0419736416,47313.845816417
Ghana,GHA,"Population, total",SP.POP.TOTL,27224472,27849205,28481946,29121471,29767108
Ghana,GHA,GDP per capita (constant 2010 US$),NY.GDP.PCAP.KD,1627.76028143369,1625.90582584245,1644.59800912297,1739.46749204249,1808.32722017919
Gibraltar,GIB,"Population, total",SP.POP.TOTL,33725,33736,33737,33728,33718
Gibraltar,GIB,GDP per capita (constant 2010 US$),NY.GDP.PCAP.KD,..,..,..,..,..
Greece,GRC,"Population, total",SP.POP.TOTL,10892413,10820883,10775971,10754679,10732882
Greece,GRC,GDP per capita (constant 2010 US$),NY.GDP.PCAP.KD,22565.6804352806,22615.3945607527,22666.2861968984,23052.9862132037,23546.6394661725
Greenland,GRL,"Population, total",SP.POP.TOTL,56295,56114,56186,56172,56023
Greenland,GRL,GDP per capita (constant 2010 US$),NY.GDP.PCAP.KD,46378.3830305527,45351.1394675318,47413.6224796636,47647.6498925073,49311.7670601587
Grenada,GRD,"Population, total",SP.POP.TOTL,108902,109599,110261,110874,111454
Grenada,GRD,GDP per capita (constant 2010 US$),NY.GDP.PCAP.KD,7747.50073076196,8194.2381676678,8449.30776858458,8775.89864433273,9091.76153084554
Guam,GUM,"Population, total",SP.POP.TOTL,161016,161853,162951,164281,165768
Guam,GUM,GDP per capita (constant 2010 US$),NY.GDP.PCAP.KD,32169.5644356757,32151.9120777962,32027.5816012056,31847.6496791422,31477.266910582
Guatemala,GTM,"Population, total",SP.POP.TOTL,15306316,15567419,15827690,16087418,16346950
Guatemala,GTM,GDP per capita (constant 2010 US$),NY.GDP.PCAP.KD,3137.26029117959,3210.86967002297,3242.63692893541,3286.74128251609,3338.54745773772
Guinea,GIN,"Population, total",SP.POP.TOTL,11150977,11432088,11738441,12067539,12414318
Guinea,GIN,GDP per capita (constant 2010 US$),NY.GDP.PCAP.KD,741.049717311276,750.403076362942,809.957816531762,869.018973228085,897.116199584169
Guinea-Bissau,GNB,"Population, total",SP.POP.TOTL,1692439,1737202,1782437,1828146,1874309
Guinea-Bissau,GNB,GDP per capita (constant 2010 US$),NY.GDP.PCAP.KD,556.147073076285,575.052149926692,595.558793943771,615.038850552038,622.686699691974
Guyana,GUY,"Population, total",SP.POP.TOTL,763380,767432,771366,775221,779004
Guyana,GUY,GDP per capita (constant 2010 US$),NY.GDP.PCAP.KD,5249.27922226432,5257.45623282203,5429.79884301308,5604.56486285706,5825.03691769949
Haiti,HTI,"Population, total",SP.POP.TOTL,10549008,10695542,10839970,10982366,11123176
Haiti,HTI,GDP per capita (constant 2010 US$),NY.GDP.PCAP.KD,1257.77379512249,1260.60020357319,1265.22949230663,1277.37440451891,1282.23862032506
Honduras,HND,"Population, total",SP.POP.TOTL,8955589,9112916,9270795,9429013,9587522
Honduras,HND,GDP per capita (constant 2010 US$),NY.GDP.PCAP.KD,2025.81419478885,2067.29003376698,2111.19316426974,2176.29516512704,2219.43646867526
"Hong Kong SAR, China",HKG,"Population, total",SP.POP.TOTL,7229500,7291300,7336600,7391700,7451000
"Hong Kong SAR, China",HKG,GDP per capita (constant 2010 US$),NY.GDP.PCAP.KD,35717.6909382682,36260.5885544438,36818.4864046258,37929.4268377564,38698.9895247535
Hungary,HUN,"Population, total",SP.POP.TOTL,9866468,9843028,9814023,9787966,9775564
Hungary,HUN,GDP per capita (constant 2010 US$),NY.GDP.PCAP.KD,14270.1081386959,14850.4252030047,15213.0528173847,15912.0146344436,16793.3841512184
Iceland,ISL,"Population, total",SP.POP.TOTL,327386,330815,335439,343400,352721
Iceland,ISL,GDP per capita (constant 2010 US$),NY.GDP.PCAP.KD,45853.9634294924,47533.6992436457,49985.1030905302,51045.9400468343,51592.6546100899
India,IND,"Population, total",SP.POP.TOTL,1295604184,1310152403,1324509589,1338658835,1352617328
India,IND,GDP per capita (constant 2010 US$),NY.GDP.PCAP.KD,1640.18070024053,1751.6644288593,1875.73216110843,1986.63290974892,2086.45075048648
Indonesia,IDN,"Population, total",SP.POP.TOTL,255129004,258383256,261554226,264645886,267663435
Indonesia,IDN,GDP per capita (constant 2010 US$),NY.GDP.PCAP.KD,3692.97344616041,3824.27488523624,3968.05591117705,4120.52187883992,4284.68582525458
"Iran, Islamic Rep.",IRN,"Population, total",SP.POP.TOTL,77465753,78492215,79564016,80673951,81800269
"Iran, Islamic Rep.",IRN,GDP per capita (constant 2010 US$),NY.GDP.PCAP.KD,6232.93541757903,6070.18728372393,6790.63900593297,6948.70492458362,6440.06539243446
Iraq,IRQ,"Population, total",SP.POP.TOTL,34411951,35572261,36610632,37552781,38433600
Iraq,IRQ,GDP per capita (constant 2010 US$),NY.GDP.PCAP.KD,5342.20281607722,5295.99318096283,5928.58596226816,5635.65916551479,5475.46596375893
Ireland,IRL,"Population, total",SP.POP.TOTL,4657740,4701957,4755335,4807388,4867316
Ireland,IRL,GDP per capita (constant 2010 US$),NY.GDP.PCAP.KD,52774.5013821565,65432.7347200181,67077.7438875899,71755.9673896497,76662.6745898471
Isle of Man,IMN,"Population, total",SP.POP.TOTL,83488,83234,83287,83598,84077
Isle of Man,IMN,GDP per capita (constant 2010 US$),NY.GDP.PCAP.KD,84992.7144984398,84923.1802843382,90769.5059905106,92998.0465066539,94514.9186904784
Israel,ISR,"Population, total",SP.POP.TOTL,8215700,8380100,8546000,8713300,8882800
Israel,ISR,GDP per capita (constant 2010 US$),NY.GDP.PCAP.KD,32977.9608377216,33071.4120986877,33720.764484324,34243.0125767185,34749.6781898301
Italy,ITA,"Population, total",SP.POP.TOTL,60789140,60730582,60627498,60536709,60421760
Italy,ITA,GDP per capita (constant 2010 US$),NY.GDP.PCAP.KD,33666.6919106164,33961.4361902228,34459.2057152238,35086.4783019615,35485.1062802569
Jamaica,JAM,"Population, total",SP.POP.TOTL,2875136,2891021,2906238,2920853,2934855
Jamaica,JAM,GDP per capita (constant 2010 US$),NY.GDP.PCAP.KD,4704.72595468163,4722.0465213814,4761.94016718831,4785.65354700462,4855.26207081811
Japan,JPN,"Population, total",SP.POP.TOTL,127276000,127141000,126994511,126785797,126529100
Japan,JPN,GDP per capita (constant 2010 US$),NY.GDP.PCAP.KD,46484.1552669134,47102.5808781498,47403.0469116934,48510.6094087782,48766.1336629216
Jordan,JOR,"Population, total",SP.POP.TOTL,8920049,9266575,9551467,9779173,9956011
Jordan,JOR,GDP per capita (constant 2010 US$),NY.GDP.PCAP.KD,3395.77310255414,3350.39349005979,3315.2812383704,3305.66816553352,3309.75215882997
Kazakhstan,KAZ,"Population, total",SP.POP.TOTL,17288285,17542806,17794055,18037776,18276498.5
Kazakhstan,KAZ,GDP per capita (constant 2010 US$),NY.GDP.PCAP.KD,10646.0344648696,10617.4746550491,10582.7008718461,10867.7387377836,11165.5446635217
Kenya,KEN,"Population, total",SP.POP.TOTL,46699981,47878336,49051686,50221473,51393010
Kenya,KEN,GDP per capita (constant 2010 US$),NY.GDP.PCAP.KD,1060.09501597538,1093.13417026063,1129.71319596876,1156.42529688802,1201.46635823697
Kiribati,KIR,"Population, total",SP.POP.TOTL,109391,110930,112524,114158,115847
Kiribati,KIR,GDP per capita (constant 2010 US$),NY.GDP.PCAP.KD,1571.2303626498,1710.65641002456,1773.02778850671,1763.23000218251,1777.71450422182
"Korea, Dem. People’s Rep.",PRK,"Population, total",SP.POP.TOTL,25057752,25183833,25307744,25429985,25549819
"Korea, Dem. People’s Rep.",PRK,GDP per capita (constant 2010 US$),NY.GDP.PCAP.KD,..,..,..,..,..
"Korea, Rep.",KOR,"Population, total",SP.POP.TOTL,50746659,51014947,51217803,51361911,51606633
"Korea, Rep.",KOR,GDP per capita (constant 2010 US$),NY.GDP.PCAP.KD,25485.5840065102,26063.7064870504,26725.5017164576,27492.576254672,28157.7344466982
Kosovo,XKX,"Population, total",SP.POP.TOTL,1812771,1788196,1777557,1791003,1797085
Kosovo,XKX,GDP per capita (constant 2010 US$),NY.GDP.PCAP.KD,3617.0905558686,3816.96244256105,3996.1243141816,4133.71698760439,4276.9200963345
Kuwait,KWT,"Population, total",SP.POP.TOTL,3690941,3835591,3956875,4056099,4137312
Kuwait,KWT,GDP per capita (constant 2010 US$),NY.GDP.PCAP.KD,37158.6497346309,35969.3493105175,35886.9938823827,33359.427780449,33112.1907319075
Kyrgyz Republic,KGZ,"Population, total",SP.POP.TOTL,5835500,5956900,6079500,6198200,6322800
Kyrgyz Republic,KGZ,GDP per capita (constant 2010 US$),NY.GDP.PCAP.KD,1003.51040411047,1021.16079140488,1043.95111143383,1072.49369441286,1090.86775396793
Lao PDR,LAO,"Population, total",SP.POP.TOTL,6639756,6741164,6845846,6953035,7061507
Lao PDR,LAO,GDP per capita (constant 2010 US$),NY.GDP.PCAP.KD,1456.46765527935,1538.85116913062,1621.73855833524,1706.79323265232,1785.57679801882
Latvia,LVA,"Population, total",SP.POP.TOTL,1993782,1977527,1959537,1942248,1927174
Latvia,LVA,GDP per capita (constant 2010 US$),NY.GDP.PCAP.KD,13745.9535199157,14414.2537705736,14891.7667683256,15512.7252672195,16263.22626834
Lebanon,LBN,"Population, total",SP.POP.TOTL,6262410,6532678,6711121,6811873,6848925
Lebanon,LBN,GDP per capita (constant 2010 US$),NY.GDP.PCAP.KD,6753.60711583739,6487.89908167494,6411.98654337444,6370.88908198325,6214.35804955447
Lesotho,LSO,"Population, total",SP.POP.TOTL,2043437,2059021,2075001,2091412,2108132
Lesotho,LSO,GDP per capita (constant 2010 US$),NY.GDP.PCAP.KD,1338.85174638468,1363.93140254357,1421.73610792784,1391.93652814412,1374.64586513142
Liberia,LBR,"Population, total",SP.POP.TOTL,4359505,4472230,4586788,4702228,4818977
Liberia,LBR,GDP per capita (constant 2010 US$),NY.GDP.PCAP.KD,586.229360784297,571.453129531788,548.268143607989,548.010538342081,541.271324140142
Libya,LBY,"Population, total",SP.POP.TOTL,6362037,6418315,6492164,6580724,6678567
Libya,LBY,GDP per capita (constant 2010 US$),NY.GDP.PCAP.KD,6530.85671467715,5899.89964685628,5669.73394586099,7085.81214934763,8038.57541150542
Liechtenstein,LIE,"Population, total",SP.POP.TOTL,37223,37470,37658,37800,37910
Liechtenstein,LIE,GDP per capita (constant 2010 US$),NY.GDP.PCAP.KD,..,..,..,..,..
Lithuania,LTU,"Population, total",SP.POP.TOTL,2932367,2904910,2868231,2828403,2801543
Lithuania,LTU,GDP per capita (constant 2010 US$),NY.GDP.PCAP.KD,14951.960809443,15398.8619054376,15988.6138728916,16908.1265005971,17742.2632333198
Luxembourg,LUX,"Population, total",SP.POP.TOTL,556319,569604,582014,596336,607950
Luxembourg,LUX,GDP per capita (constant 2010 US$),NY.GDP.PCAP.KD,105658.520745502,107638.212259786,110162.12162339,109452.960045415,110701.877200861
"Macao SAR, China",MAC,"Population, total",SP.POP.TOTL,590208,602085,612836,622585,631636
"Macao SAR, China",MAC,GDP per capita (constant 2010 US$),NY.GDP.PCAP.KD,69580.5624722557,53478.7900860778,52163.1880540344,56423.2850551249,58641.6276638714
Madagascar,MDG,"Population, total",SP.POP.TOTL,23589887,24234088,24894380,25570540,26262368
Madagascar,MDG,GDP per capita (constant 2010 US$),NY.GDP.PCAP.KD,468.113034575027,469.942367089597,475.745493540366,481.383147878006,490.097332875823
Malawi,MWI,"Population, total",SP.POP.TOTL,16289540,16745303,17205289,17670260,18143315
Malawi,MWI,GDP per capita (constant 2010 US$),NY.GDP.PCAP.KD,507.537974993908,507.548405016318,506.249661337383,512.645612270701,515.106449633898
Malaysia,MYS,"Population, total",SP.POP.TOTL,29866559,30270962,30684804,31105028,31528585
Malaysia,MYS,GDP per capita (constant 2010 US$),NY.GDP.PCAP.KD,10524.0707383169,10912.1530819693,11244.0004574952,11736.8485306827,12131.4931629214
Maldives,MDV,"Population, total",SP.POP.TOTL,435015,454915,475513,496402,515696
Maldives,MDV,GDP per capita (constant 2010 US$),NY.GDP.PCAP.KD,7624.76737285876,7501.54519042946,7631.41655651699,7837.38662570682,8157.41335146456
Mali,MLI,"Population, total",SP.POP.TOTL,16934220,17438778,17965429,18512394,19077690
Mali,MLI,GDP per capita (constant 2010 US$),NY.GDP.PCAP.KD,707.695626730014,729.633626101458,749.693237303723,766.142358238521,778.727885828542
Malta,MLT,"Population, total",SP.POP.TOTL,434558,445053,455356,467999,484630
Malta,MLT,GDP per capita (constant 2010 US$),NY.GDP.PCAP.KD,24692.430533211,26426.6817711982,26833.7949006339,28201.5227071065,28644.0595554038
Marshall Islands,MHL,"Population, total",SP.POP.TOTL,57179,57439,57735,58058,58413
Marshall Islands,MHL,GDP per capita (constant 2010 US$),NY.GDP.PCAP.KD,2823.29482292139,2855.23846403751,2877.71717110534,2977.79656642921,3066.98104378652
Mauritania,MRT,"Population, total",SP.POP.TOTL,3930896,4046301,4163534,4282574,4403319
Mauritania,MRT,GDP per capita (constant 2010 US$),NY.GDP.PCAP.KD,1692.46094658416,1732.5873164505,1705.03392366347,1715.61075228775,1703.86101491802
Mauritius,MUS,"Population, total",SP.POP.TOTL,1260934,1262605,1263473,1264613,1265303
Mauritius,MUS,GDP per capita (constant 2010 US$),NY.GDP.PCAP.KD,9163.63347277399,9476.665389032,9833.61313191868,10199.4793607429,10577.1757298579
Mexico,MEX,"Population, total",SP.POP.TOTL,120355128,121858258,123333376,124777324,126190788
Mexico,MEX,GDP per capita (constant 2010 US$),NY.GDP.PCAP.KD,9843.39843934212,10042.1389566471,10183.0330749055,10277.8835173506,10385.8326568791
"Micronesia, Fed. Sts.",FSM,"Population, total",SP.POP.TOTL,107446,108895,110215,111459,112640
"Micronesia, Fed. Sts.",FSM,GDP per capita (constant 2010 US$),NY.GDP.PCAP.KD,2633.40918218932,2718.46155139885,2710.08162733479,2751.7123957501,2728.62446818169
Moldova,MDA,"Population, total",SP.POP.TOTL,2856950,2834530,2802170,2755158,2706049
Moldova,MDA,GDP per capita (constant 2010 US$),NY.GDP.PCAP.KD,2940.48900227714,2953.7226560529,3119.56297970171,3321.62208017648,3527.37419357356
Monaco,MCO,"Population, total",SP.POP.TOTL,37322,37718,38070,38392,38682
Monaco,MCO,GDP per capita (constant 2010 US$),NY.GDP.PCAP.KD,182611.363747336,189548.144274363,194368.405486506,186185.105236886,196061.416844238
Mongolia,MNG,"Population, total",SP.POP.TOTL,2940108,2998439,3056359,3113779,3170208
Mongolia,MNG,GDP per capita (constant 2010 US$),NY.GDP.PCAP.KD,3880.3513875279,3895.41336222074,3866.24397326285,3997.48587363775,4210.85821365292
Montenegro,MNE,"Population, total",SP.POP.TOTL,621810,622159,622303,622373,622227
Montenegro,MNE,GDP per capita (constant 2010 US$),NY.GDP.PCAP.KD,7051.47684590315,7286.45969413403,7499.62439838152,7852.46012035895,8253.13710008673
Morocco,MAR,"Population, total",SP.POP.TOTL,34192347,34663603,35126296,35581294,36029138
Morocco,MAR,GDP per capita (constant 2010 US$),NY.GDP.PCAP.KD,3125.07948072635,3222.05417836739,3212.81539531051,3305.41921976678,3361.22378892073
Mozambique,MOZ,"Population, total",SP.POP.TOTL,26286163,27042002,27829942,28649007,29495962
Mozambique,MOZ,GDP per capita (constant 2010 US$),NY.GDP.PCAP.KD,559.136675631516,580.05008576604,585.181634968666,589.71907445639,592.511396032081
Myanmar,MMR,"Population, total",SP.POP.TOTL,52280807,52680726,53045226,53382581,53708395
Myanmar,MMR,GDP per capita (constant 2010 US$),NY.GDP.PCAP.KD,1257.4836156234,1335.20387198505,1402.2765496388,1482.6626633658,1573.14770255708
Namibia,NAM,"Population, total",SP.POP.TOTL,2273430,2314904,2358041,2402603,2448255
Namibia,NAM,GDP per capita (constant 2010 US$),NY.GDP.PCAP.KD,6112.5232373094,6274.75311451583,6142.6738134644,6013.29335494243,5942.37690809769
Nauru,NRU,"Population, total",SP.POP.TOTL,11853,12475,13049,12876,12704
Nauru,NRU,GDP per capita (constant 2010 US$),NY.GDP.PCAP.KD,8126.05701442245,8006.85313196639,7928.02757687272,7572.79176776378,8143.32744416028
Nepal,NPL,"Population, total",SP.POP.TOTL,26906926,27015031,27261131,27627124,28087871
Nepal,NPL,GDP per capita (constant 2010 US$),NY.GDP.PCAP.KD,711.304347014643,731.9993357351,729.661430049008,779.203968661492,817.779994443433
Netherlands,NLD,"Population, total",SP.POP.TOTL,16865008,16939923,17030314,17131296,17231624
Netherlands,NLD,GDP per capita (constant 2010 US$),NY.GDP.PCAP.KD,51100.8398296207,51871.5765164663,52727.1024921777,53942.0850648437,54894.1290252192
New Caledonia,NCL,"Population, total",SP.POP.TOTL,268050,272400,276550,280350,284060
New Caledonia,NCL,GDP per capita (constant 2010 US$),NY.GDP.PCAP.KD,..,..,..,..,..
New Zealand,NZL,"Population, total",SP.POP.TOTL,4509700,4595700,4693200,4793900,4841000
New Zealand,NZL,GDP per capita (constant 2010 US$),NY.GDP.PCAP.KD,36184.5696525185,36792.4455069858,37353.0594274903,37725.1212214712,38522.2469913962
Nicaragua,NIC,"Population, total",SP.POP.TOTL,6142733,6223240,6303974,6384855,6465513
Nicaragua,NIC,GDP per capita (constant 2010 US$),NY.GDP.PCAP.KD,1775.01390668541,1836.01072215331,1895.20015881674,1957.84404237131,1857.05227261267
Niger,NER,"Population, total",SP.POP.TOTL,19240157,20001663,20788838,21602472,22442948
Niger,NER,GDP per capita (constant 2010 US$),NY.GDP.PCAP.KD,518.587388004173,520.756109495491,529.643144718399,535.174835632604,552.321162531903
Nigeria,NGA,"Population, total",SP.POP.TOTL,176404902,181137448,185960289,190873311,195874740
Nigeria,NGA,GDP per capita (constant 2010 US$),NY.GDP.PCAP.KD,2550.47036793786,2549.72319671071,2443.44015837975,2399.73124634223,2383.41981005925
North Macedonia,MKD,"Population, total",SP.POP.TOTL,2077775,2079328,2080745,2081996,2082958
North Macedonia,MKD,GDP per capita (constant 2010 US$),NY.GDP.PCAP.KD,4919.52782844775,5105.40223505595,5247.23873001555,5300.81493522933,5452.01942677311
Northern Mariana Islands,MNP,"Population, total",SP.POP.TOTL,55305,55780,56188,56562,56882
Northern Mariana Islands,MNP,GDP per capita (constant 2010 US$),NY.GDP.PCAP.KD,14249.9870445486,14626.2523721782,18630.8248045687,23239.6992851692,18577.7914891156
Norway,NOR,"Population, total",SP.POP.TOTL,5137232,5188607,5234519,5276968,5311916
Norway,NOR,GDP per capita (constant 2010 US$),NY.GDP.PCAP.KD,89175.4995531209,90029.3556416645,90195.9636789416,91549.0378687312,92119.522964297
Oman,OMN,"Population, total",SP.POP.TOTL,4027260,4267348,4479219,4665935,4829483
Oman,OMN,GDP per capita (constant 2010 US$),NY.GDP.PCAP.KD,16870.0332158668,16658.0946473179,16679.0644951133,16067.0727205441,15796.7264464046
Pakistan,PAK,"Population, total",SP.POP.TOTL,195306825,199426964,203627284,207896686,212215030
Pakistan,PAK,GDP per capita (constant 2010 US$),NY.GDP.PCAP.KD,1054.22797401501,1081.29436599486,1117.51755461944,1155.36336715957,1197.91265061769
Palau,PLW,"Population, total",SP.POP.TOTL,17626,17665,17725,17808,17907
Palau,PLW,GDP per capita (constant 2010 US$),NY.GDP.PCAP.KD,11750.8770090598,12608.8848998737,12555.7275463283,12257.7159356116,12684.7243663096
Panama,PAN,"Population, total",SP.POP.TOTL,3901315,3968487,4037078,4106771,4176873
Panama,PAN,GDP per capita (constant 2010 US$),NY.GDP.PCAP.KD,10357.504182008,10765.9102941448,11107.2233281795,11530.0712587088,11755.1149696561
Papua New Guinea,PNG,"Population, total",SP.POP.TOTL,7946731,8107775,8271760,8438029,8606316
Papua New Guinea,PNG,GDP per capita (constant 2010 US$),NY.GDP.PCAP.KD,2237.00385742067,2336.80555136735,2416.21665304657,2452.32677778713,2397.65996605516
Paraguay,PRY,"Population, total",SP.POP.TOTL,6599526,6688746,6777872,6867062,6956071
Paraguay,PRY,GDP per capita (constant 2010 US$),NY.GDP.PCAP.KD,4861.28709880236,4944.19164107741,5089.61202008711,5272.36081198152,5379.58163547209
Peru,PER,"Population, total",SP.POP.TOTL,30090359,30470734,30926032,31444297,31989256
Peru,PER,GDP per capita (constant 2010 US$),NY.GDP.PCAP.KD,5996.49696468919,6114.22721428779,6262.36890465447,6314.29143772856,6453.56052508568
Philippines,PHL,"Population, total",SP.POP.TOTL,100513138,102113212,103663927,105173264,106651922
Philippines,PHL,GDP per capita (constant 2010 US$),NY.GDP.PCAP.KD,2612.85688085179,2735.18753202715,2886.89748465474,3042.68677975457,3190.77834847406
Poland,POL,"Population, total",SP.POP.TOTL,38011735,37986412,37970087,37974826,37974750
Poland,POL,GDP per capita (constant 2010 US$),NY.GDP.PCAP.KD,14007.7285047431,14610.8751967149,15076.3888384351,15802.7047886969,16648.7682645826
Portugal,PRT,"Population, total",SP.POP.TOTL,10401062,10358076,10325452,10300300,10283822
Portugal,PRT,GDP per capita (constant 2010 US$),NY.GDP.PCAP.KD,21540.987962986,22018.0094547526,22533.6323118514,23380.6926964918,24085.4157067296
Puerto Rico,PRI,"Population, total",SP.POP.TOTL,3534874,3473232,3406672,3325286,3193354
Puerto Rico,PRI,GDP per capita (constant 2010 US$),NY.GDP.PCAP.KD,27325.6608021892,27518.7724955597,27702.0842160899,27561.0530580691,27362.4344457212
Qatar,QAT,"Population, total",SP.POP.TOTL,2459198,2565710,2654374,2724724,2781677
Qatar,QAT,GDP per capita (constant 2010 US$),NY.GDP.PCAP.KD,67171.2412569164,67443.0506636239,67187.806237861,64472.8472825253,63932.6647698543
Romania,ROU,"Population, total",SP.POP.TOTL,19908979,19815616,19702267,19587290,19472545
Romania,ROU,GDP per capita (constant 2010 US$),NY.GDP.PCAP.KD,9339.27542884966,9660.42969131549,10172.9506472316,10981.6403602154,11540.6230029705
Russian Federation,RUS,"Population, total",SP.POP.TOTL,143819666,144096870,144342396,144496740,144477860
Russian Federation,RUS,GDP per capita (constant 2010 US$),NY.GDP.PCAP.KD,11608.7586367601,11355.2363049672,11356.4000420409,11550.5251205402,11844.4386003203
Rwanda,RWA,"Population, total",SP.POP.TOTL,11083635,11369071,11668818,11980937,12301939
Rwanda,RWA,GDP per capita (constant 2010 US$),NY.GDP.PCAP.KD,720.498362784752,764.620566692136,789.45989523526,799.466868138239,845.40579629484
Samoa,WSM,"Population, total",SP.POP.TOTL,192221,193513,194535,195352,196130
Samoa,WSM,GDP per capita (constant 2010 US$),NY.GDP.PCAP.KD,3435.2773836258,3558.12323361121,3824.50184990091,3848.30135700844,3753.95008055331
San Marino,SMR,"Population, total",SP.POP.TOTL,32948,33272,33504,33671,33785
San Marino,SMR,GDP per capita (constant 2010 US$),NY.GDP.PCAP.KD,47940.685494316,48640.43107797,49491.5856957033,49542.768796903,50023.786423779
Sao Tome and Principe,STP,"Population, total",SP.POP.TOTL,195727,199432,203227,207089,211028
Sao Tome and Principe,STP,GDP per capita (constant 2010 US$),NY.GDP.PCAP.KD,1208.23726965241,1232.17123845527,1259.52082334887,1283.60669167662,1296.74716937174
Saudi Arabia,SAU,"Population, total",SP.POP.TOTL,30916994,31717667,32442572,33099147,33699947
Saudi Arabia,SAU,GDP per capita (constant 2010 US$),NY.GDP.PCAP.KD,21087.3575532526,21399.1071931505,21270.4708919345,20693.944320052,20819.747675011
Senegal,SEN,"Population, total",SP.POP.TOTL,14174731,14578459,14993528,15419381,15854360
Senegal,SEN,GDP per capita (constant 2010 US$),NY.GDP.PCAP.KD,1338.71674774698,1384.51922733514,1431.75613082254,1495.34188817617,1547.09470286576
Serbia,SRB,"Population, total",SP.POP.TOTL,7130576,7095383,7058322,7020858,6982604
Serbia,SRB,GDP per capita (constant 2010 US$),NY.GDP.PCAP.KD,6018.16591391431,6157.24668440053,6396.22080436752,6565.46390257786,6898.17501524525
Seychelles,SYC,"Population, total",SP.POP.TOTL,91359,93419,94677,95843,96762
Seychelles,SYC,GDP per capita (constant 2010 US$),NY.GDP.PCAP.KD,12850.493195897,13187.6119451562,13606.0905068814,14028.7209633324,14417.0554343701
Sierra Leone,SLE,"Population, total",SP.POP.TOTL,7017144,7171914,7328838,7488431,7650154
Sierra Leone,SLE,GDP per capita (constant 2010 US$),NY.GDP.PCAP.KD,567.834267043931,441.137664064293,457.833091719662,466.94506935512,472.825438057197
Singapore,SGP,"Population, total",SP.POP.TOTL,5469724,5535002,5607283,5612253,5638676
Singapore,SGP,GDP per capita (constant 2010 US$),NY.GDP.PCAP.KD,53068.3552214105,54009.7389181265,55042.7336676117,57378.8619656214,59073.4875764707
Sint Maarten (Dutch part),SXM,"Population, total",SP.POP.TOTL,37685,38825,39969,40574,40654
Sint Maarten (Dutch part),SXM,GDP per capita (constant 2010 US$),NY.GDP.PCAP.KD,..,..,..,..,..
Slovak Republic,SVK,"Population, total",SP.POP.TOTL,5418649,5423801,5430798,5439232,5446771
Slovak Republic,SVK,GDP per capita (constant 2010 US$),NY.GDP.PCAP.KD,18047.191052246,18898.1769875395,19276.3561049191,19832.1902249211,20551.10771133
Slovenia,SVN,"Population, total",SP.POP.TOTL,2061980,2063531,2065042,2066388,2073894
Slovenia,SVN,GDP per capita (constant 2010 US$),NY.GDP.PCAP.KD,23328.4749402113,23826.1315045936,24568.6363439257,25729.5752995852,26760.4835146751
Solomon Islands,SLB,"Population, total",SP.POP.TOTL,587079,603118,619437,636038,652858
Solomon Islands,SLB,GDP per capita (constant 2010 US$),NY.GDP.PCAP.KD,1677.54238498656,1656.04813634309,1707.22782681288,1751.51421204624,1773.69305996148
Somalia,SOM,"Population, total",SP.POP.TOTL,13423576,13797201,14185613,14589119,15008154
Somalia,SOM,GDP per capita (constant 2010 US$),NY.GDP.PCAP.KD,..,..,..,..,..
South Africa,ZAF,"Population, total",SP.POP.TOTL,54545991,55386367,56203654,57000451,57779622
South Africa,ZAF,GDP per capita (constant 2010 US$),NY.GDP.PCAP.KD,7582.69692889495,7556.78857882235,7476.62101155808,7476.38632385801,7433.61539826952
South Sudan,SSD,"Population, total",SP.POP.TOTL,10554883,10715658,10832512,10910759,10975920
South Sudan,SSD,GDP per capita (constant 2010 US$),NY.GDP.PCAP.KD,831.850462391635,730.932042674055,..,..,..
Spain,ESP,"Population, total",SP.POP.TOTL,46480882,46444832,46484062,46593236,46797754
Spain,ESP,GDP per capita (constant 2010 US$),NY.GDP.PCAP.KD,29398.6103065297,30549.7918140542,31449.284169363,32308.5920135469,32949.0781809939
Sri Lanka,LKA,"Population, total",SP.POP.TOTL,20778000,20970000,21203000,21444000,21670000
Sri Lanka,LKA,GDP per capita (constant 2010 US$),NY.GDP.PCAP.KD,3505.55045188616,3647.39342128753,3769.15908857863,3860.15030770564,3946.19374389424
St. Kitts and Nevis,KNA,"Population, total",SP.POP.TOTL,50776,51204,51629,52036,52438
St. Kitts and Nevis,KNA,GDP per capita (constant 2010 US$),NY.GDP.PCAP.KD,16694.7741672018,16726.3592744297,17057.5297957744,16589.4665787434,16943.6357147361
St. Lucia,LCA,"Population, total",SP.POP.TOTL,178296,179126,180024,180955,181889
St. Lucia,LCA,GDP per capita (constant 2010 US$),NY.GDP.PCAP.KD,8649.19621454748,8491.99346724159,8786.50931778864,9046.27422750253,9237.36851343066
St. Martin (French part),MAF,"Population, total",SP.POP.TOTL,36015,35858,36065,36560,37264
St. Martin (French part),MAF,GDP per capita (constant 2010 US$),NY.GDP.PCAP.KD,..,..,..,..,..
St. Vincent and the Grenadines,VCT,"Population, total",SP.POP.TOTL,108861,109148,109459,109827,110210
St. Vincent and the Grenadines,VCT,GDP per capita (constant 2010 US$),NY.GDP.PCAP.KD,6511.55125153329,6580.82320902981,6686.63792357131,6730.89902159826,6852.59995580625
Sudan,SDN,"Population, total",SP.POP.TOTL,37977655,38902950,39847440,40813396,41801533
Sudan,SDN,GDP per capita (constant 2010 US$),NY.GDP.PCAP.KD,1782.74173912551,1825.72155898504,1866.22170375365,1900.09277096785,1812.12145447981
Suriname,SUR,"Population, total",SP.POP.TOTL,553278,559136,564883,570501,575987
Suriname,SUR,GDP per capita (constant 2010 US$),NY.GDP.PCAP.KD,8856.48555093571,8464.75911328247,7912.68804534402,7972.8403897508,8100.37115596767
Sweden,SWE,"Population, total",SP.POP.TOTL,9696110,9799186,9923085,10057698,10175214
Sweden,SWE,GDP per capita (constant 2010 US$),NY.GDP.PCAP.KD,54492.5991188879,56339.9942972911,56788.54307759,57467.2499709708,57911.2289848069
Switzerland,CHE,"Population, total",SP.POP.TOTL,8188649,8282396,8373338,8451840,8514329
Switzerland,CHE,GDP per capita (constant 2010 US$),NY.GDP.PCAP.KD,76410.8567096896,76553.282261223,77026.3356092324,77684.0482075308,79234.9630198638
Syrian Arab Republic,SYR,"Population, total",SP.POP.TOTL,18715672,17997408,17453933,17068002,16906283
Syrian Arab Republic,SYR,GDP per capita (constant 2010 US$),NY.GDP.PCAP.KD,..,..,..,..,..
Tajikistan,TJK,"Population, total",SP.POP.TOTL,8252833,8454028,8663579,8880268,9100837
Tajikistan,TJK,GDP per capita (constant 2010 US$),NY.GDP.PCAP.KD,904.475010024001,935.999825132571,976.135175279775,1024.8589537466,1073.02183482136
Tanzania,TZA,"Population, total",SP.POP.TOTL,49959822,51482633,53050790,54663906,56318348
Tanzania,TZA,GDP per capita (constant 2010 US$),NY.GDP.PCAP.KD,846.386841468855,871.998368594318,904.381892324943,937.301491612021,959.354688726875
Thailand,THA,"Population, total",SP.POP.TOTL,68438730,68714511,68971331,69209858,69428524
Thailand,THA,GDP per capita (constant 2010 US$),NY.GDP.PCAP.KD,5589.32559094702,5741.35391148352,5916.12607210505,6135.47195990825,6370.01497597885
Timor-Leste,TLS,"Population, total",SP.POP.TOTL,1174331,1196302,1219288,1243261,1267972
Timor-Leste,TLS,GDP per capita (constant 2010 US$),NY.GDP.PCAP.KD,898.478802264381,907.643408389187,920.498038734546,865.703386405219,839.886178819436
Togo,TGO,"Population, total",SP.POP.TOTL,7137997,7323158,7509952,7698475,7889094
Togo,TGO,GDP per capita (constant 2010 US$),NY.GDP.PCAP.KD,612.14897240379,630.937250334156,649.445938994576,661.148125888518,676.987731497482
Tonga,TON,"Population, total",SP.POP.TOTL,101028,100781,101133,101998,103197
Tonga,TON,GDP per capita (constant 2010 US$),NY.GDP.PCAP.KD,4001.97689219277,4058.79881173539,4310.44730852708,4415.88949717479,4377.67740321618
Trinidad and Tobago,TTO,"Population, total",SP.POP.TOTL,1362342,1370328,1377564,1384072,1389858
Trinidad and Tobago,TTO,GDP per capita (constant 2010 US$),NY.GDP.PCAP.KD,16635.5403599456,16840.1208011848,15696.9042196553,15261.872265747,15161.0684555798
Tunisia,TUN,"Population, total",SP.POP.TOTL,11063201,11179949,11303946,11433443,11565204
Tunisia,TUN,GDP per capita (constant 2010 US$),NY.GDP.PCAP.KD,4302.48654422817,4308.41559599821,4310.56745008014,4343.43987763926,4408.36602348828
Turkey,TUR,"Population, total",SP.POP.TOTL,77231907,78529409,79821724,81101892,82319724
Turkey,TUR,GDP per capita (constant 2010 US$),NY.GDP.PCAP.KD,13345.5910955704,13923.6828900533,14153.4628956968,14975.087280729,15190.0994746957
Turkmenistan,TKM,"Population, total",SP.POP.TOTL,5466328,5565287,5662372,5757669,5850908
Turkmenistan,TKM,GDP per capita (constant 2010 US$),NY.GDP.PCAP.KD,6399.16881339479,6693.93200166062,6987.06817665438,7318.06550054699,7647.93580378613
Turks and Caicos Islands,TCA,"Population, total",SP.POP.TOTL,35369,35981,36559,37115,37665
Turks and Caicos Islands,TCA,GDP per capita (constant 2010 US$),NY.GDP.PCAP.KD,..,..,..,..,..
Tuvalu,TUV,"Population, total",SP.POP.TOTL,10972,11099,11225,11370,11508
Tuvalu,TUV,GDP per capita (constant 2010 US$),NY.GDP.PCAP.KD,3178.33484593657,3429.23353287738,3493.64016677694,3590.29247132932,3635.91988477491
Uganda,UGA,"Population, total",SP.POP.TOTL,36912148,38225453,39647506,41162465,42723139
Uganda,UGA,GDP per capita (constant 2010 US$),NY.GDP.PCAP.KD,889.841661952125,903.847231512495,913.091583299444,912.986563213879,933.843780479552
Ukraine,UKR,"Population, total",SP.POP.TOTL,45272156,45154036,45004674,44831135,44622518
Ukraine,UKR,GDP per capita (constant 2010 US$),NY.GDP.PCAP.KD,3123.90008935853,2828.88506924235,2903.79540928151,2988.50421463927,3106.03903618704
United Arab Emirates,ARE,"Population, total",SP.POP.TOTL,9214175,9262900,9360980,9487203,9630959
United Arab Emirates,ARE,GDP per capita (constant 2010 US$),NY.GDP.PCAP.KD,38495.0463523453,40247.7471408685,41045.1111167209,41460.2834462501,41327.3827625282
United Kingdom,GBR,"Population, total",SP.POP.TOTL,64602298,65116219,65611593,66058859,66460344
United Kingdom,GBR,GDP per capita (constant 2010 US$),NY.GDP.PCAP.KD,41376.7542572987,42017.1410820629,42499.7764379187,43010.7063455549,43324.0497776422
United States,USA,"Population, total",SP.POP.TOTL,318301008,320635163,322941311,324985539,326687501
United States,USA,GDP per capita (constant 2010 US$),NY.GDP.PCAP.KD,51065.6826923239,52168.1262363804,52643.9178421402,53552.4850143768,54832.9782332551
Uruguay,URY,"Population, total",SP.POP.TOTL,3400434,3412009,3424132,3436646,3449299
Uruguay,URY,GDP per capita (constant 2010 US$),NY.GDP.PCAP.KD,13934.576170547,13938.7900689227,14124.1438576163,14437.3846912687,14617.464002064
Uzbekistan,UZB,"Population, total",SP.POP.TOTL,30757700,31298900,31847900,32388600,32956100
Uzbekistan,UZB,GDP per capita (constant 2010 US$),NY.GDP.PCAP.KD,2025.35389574035,2138.56692535945,2229.78404567064,2290.38132978946,2373.53751794777
Vanuatu,VUT,"Population, total",SP.POP.TOTL,263888,271130,278330,285510,292680
Vanuatu,VUT,GDP per capita (constant 2010 US$),NY.GDP.PCAP.KD,2853.48005807447,2781.7855956124,2803.76536315784,2854.00034641625,2864.82861418446
"Venezuela, RB",VEN,"Population, total",SP.POP.TOTL,30045134,30081829,29846179,29390409,28870195
"Venezuela, RB",VEN,GDP per capita (constant 2010 US$),NY.GDP.PCAP.KD,14025.3575647702,..,..,..,..
Vietnam,VNM,"Population, total",SP.POP.TOTL,91714595,92677076,93638724,94596642,95540395
Vietnam,VNM,GDP per capita (constant 2010 US$),NY.GDP.PCAP.KD,1579.189101937,1667.1718910463,1752.53194613377,1852.96303732618,1964.4759908863
Virgin Islands (U.S.),VIR,"Population, total",SP.POP.TOTL,107884,107710,107510,107268,106977
Virgin Islands (U.S.),VIR,GDP per capita (constant 2010 US$),NY.GDP.PCAP.KD,29303.724101789,29408.0551252719,29729.2217910517,29290.7849834333,..
West Bank and Gaza,PSE,"Population, total",SP.POP.TOTL,4173398,4270092,4367088,4454805,4569087
West Bank and Gaza,PSE,GDP per capita (constant 2010 US$),NY.GDP.PCAP.KD,2819.82453547402,2858.52902656482,3042.80871567031,3025.23275869508,2985.75909232001
"Yemen, Rep.",YEM,"Population, total",SP.POP.TOTL,25823485,26497889,27168210,27834821,28498687
"Yemen, Rep.",YEM,GDP per capita (constant 2010 US$),NY.GDP.PCAP.KD,1119.14729376707,785.338458415123,694.152434250984,643.164001955252,632.909430329521
Zambia,ZMB,"Population, total",SP.POP.TOTL,15399753,15879361,16363507,16853688,17351822
Zambia,ZMB,GDP per capita (constant 2010 US$),NY.GDP.PCAP.KD,1644.10678956383,1641.01335829118,1652.60293964562,1660.76621606716,1678.16725832287
Zimbabwe,ZWE,"Population, total",SP.POP.TOTL,13586681,13814629,14030390,14236745,14439018
Zimbabwe,ZWE,GDP per capita (constant 2010 US$),NY.GDP.PCAP.KD,1232.86486526016,1234.10335223099,1224.30992212084,1263.32132215801,1305.78329453795
Arab World,ARB,"Population, total",SP.POP.TOTL,387907747,396028278,404024435,411898967,419790591
Arab World,ARB,GDP per capita (constant 2010 US$),NY.GDP.PCAP.KD,6352.8055723166,6424.35820704436,6518.06325824662,6445.93377633857,6456.27832472536
Caribbean small states,CSS,"Population, total",SP.POP.TOTL,7173442,7222206,7269385,7314986,7358958
Caribbean small states,CSS,GDP per capita (constant 2010 US$),NY.GDP.PCAP.KD,9334.81575218074,9362.77039910058,9178.29647264667,9168.24768755362,9262.67739394907
Central Europe and the Baltics,CEB,"Population, total",SP.POP.TOTL,103496179,103257886,102994278,102738653,102537026
Central Europe and the Baltics,CEB,GDP per capita (constant 2010 US$),NY.GDP.PCAP.KD,13775.144991933,14356.5148411153,14838.0596463403,15602.8260443836,16337.3912073212
Early-demographic dividend,EAR,"Population, total",SP.POP.TOTL,3079708551,3122156905,3164386912,3206361028,3248239444
Early-demographic dividend,EAR,GDP per capita (constant 2010 US$),NY.GDP.PCAP.KD,3304.97607413583,3410.53885982564,3526.85247635644,3644.3489751474,3723.54891305789
East Asia & Pacific,EAS,"Population, total",SP.POP.TOTL,2267482299,2282855831,2298486142,2314097713,2328138066
East Asia & Pacific,EAS,GDP per capita (constant 2010 US$),NY.GDP.PCAP.KD,8957.3724380087,9270.44521889526,9584.24992565,9972.46178865017,10326.6984248646
East Asia & Pacific (excluding high income),EAP,"Population, total",SP.POP.TOTL,2023597462,2038190036,2053103802,2068142784,2081639097
East Asia & Pacific (excluding high income),EAP,GDP per capita (constant 2010 US$),NY.GDP.PCAP.KD,5199.50572972889,5503.76662845184,5817.75414808079,6158.70440131282,6513.502145414
East Asia & Pacific (IDA & IBRD countries),TEA,"Population, total",SP.POP.TOTL,1998513398,2012980531,2027771091,2042687863,2056064424
East Asia & Pacific (IDA & IBRD countries),TEA,GDP per capita (constant 2010 US$),NY.GDP.PCAP.KD,5254.67441977781,5562.02402900722,5879.17393521392,6223.5477773396,6581.94040949756
Euro area,EMU,"Population, total",SP.POP.TOTL,338462222,339488380,340481753,341163597,341843156
Euro area,EMU,GDP per capita (constant 2010 US$),NY.GDP.PCAP.KD,38032.4875107152,38692.665304479,39314.1751264738,40247.0828331855,40922.9500003513
Europe & Central Asia,ECS,"Population, total",SP.POP.TOTL,902406816,906707416,910904758,914585461,917922618.5
Europe & Central Asia,ECS,GDP per capita (constant 2010 US$),NY.GDP.PCAP.KD,24522.0817917866,24903.5367527896,25266.0363621735,25874.0750345055,26336.1107553664
Europe & Central Asia (excluding high income),ECA,"Population, total",SP.POP.TOTL,387660810,390295673,392870484,395289709,397435105.5
Europe & Central Asia (excluding high income),ECA,GDP per capita (constant 2010 US$),NY.GDP.PCAP.KD,8922.00760680349,8937.19606852978,9016.87710946363,9318.29151829885,9543.63068193579
Europe & Central Asia (IDA & IBRD countries),TEC,"Population, total",SP.POP.TOTL,449819913,452301305,454717187,456976356,458970243.5
Europe & Central Asia (IDA & IBRD countries),TEC,GDP per capita (constant 2010 US$),NY.GDP.PCAP.KD,9414.91447063596,9493.47063360443,9625.19149220337,9983.30614963379,10273.4754405378
European Union,EUU,"Population, total",SP.POP.TOTL,443576663,444543759,445487728,446131273,446777673
European Union,EUU,GDP per capita (constant 2010 US$),NY.GDP.PCAP.KD,33640.4474469631,34339.512680225,34967.4136694753,35890.8651942884,36598.0928421287
Fragile and conflict affected situations,FCS,"Population, total",SP.POP.TOTL,713739741,730424930,747004599,763578047,780467640
Fragile and conflict affected situations,FCS,GDP per capita (constant 2010 US$),NY.GDP.PCAP.KD,2286.71779661861,2276.76849373972,2290.03777072571,2280.18141989198,2280.44797980996
Heavily indebted poor countries (HIPC),HPC,"Population, total",SP.POP.TOTL,698336451,718128416,738387254,759106221,780234406
Heavily indebted poor countries (HIPC),HPC,GDP per capita (constant 2010 US$),NY.GDP.PCAP.KD,865.761210592101,881.801935534113,895.177033503726,911.542194430607,923.065734934649
High income,HIC,"Population, total",SP.POP.TOTL,1205404811,1212252370,1219052243,1225031038,1230515710
High income,HIC,GDP per capita (constant 2010 US$),NY.GDP.PCAP.KD,40402.8038142512,41112.1408330216,41593.2840965273,42399.5457106432,43136.8093298066
IBRD only,IBD,"Population, total",SP.POP.TOTL,4604833828,4648915921,4692793113,4736170185,4777257264.5
IBRD only,IBD,GDP per capita (constant 2010 US$),NY.GDP.PCAP.KD,5300.87805095947,5456.1038121262,5638.41920100338,5864.17753383569,6071.85047990699
IDA & IBRD total,IBT,"Population, total",SP.POP.TOTL,6098335490,6176134809,6254597843,6333386949,6410738779.5
IDA & IBRD total,IBT,GDP per capita (constant 2010 US$),NY.GDP.PCAP.KD,4296.87729073173,4408.79098304163,4538.16031469685,4701.6640640839,4850.96653892556
IDA blend,IDB,"Population, total",SP.POP.TOTL,501147849,512877243,524790731,536862922,549115214
IDA blend,IDB,GDP per capita (constant 2010 US$),NY.GDP.PCAP.KD,1715.11452074802,1738.57388208397,1724.13997198582,1731.13402140245,1751.45494437137
IDA only,IDX,"Population, total",SP.POP.TOTL,992353813,1014341645,1037013999,1060353842,1084366301
IDA only,IDX,GDP per capita (constant 2010 US$),NY.GDP.PCAP.KD,941.209392188099,958.41378145953,983.652079611615,1014.34360613764,1043.77704266328
IDA total,IDA,"Population, total",SP.POP.TOTL,1493501662,1527218888,1561804730,1597216764,1633481515
IDA total,IDA,GDP per capita (constant 2010 US$),NY.GDP.PCAP.KD,1205.193411269,1224.68893686484,1235.77975184866,1257.84527813774,1283.77361581042
Late-demographic dividend,LTE,"Population, total",SP.POP.TOTL,2233867635,2247409050,2261412980,2275534160,2287846154.5
Late-demographic dividend,LTE,GDP per capita (constant 2010 US$),NY.GDP.PCAP.KD,7487.95800784519,7739.61977074659,7986.85936844411,8323.55676081073,8689.80554494637
Latin America & Caribbean,LCN,"Population, total",SP.POP.TOTL,616001190,622301083,628488528,634554056,640467174
Latin America & Caribbean,LCN,GDP per capita (constant 2010 US$),NY.GDP.PCAP.KD,9679.72320360094,9590.5319109209,9458.83041717039,9536.33664218775,9597.73643511693
Latin America & Caribbean (excluding high income),LAC,"Population, total",SP.POP.TOTL,584677997,590731803,596647568,602435369,608125444
Latin America & Caribbean (excluding high income),LAC,GDP per capita (constant 2010 US$),NY.GDP.PCAP.KD,9342.83123106735,9241.16295689488,9100.28493713294,9183.06570344019,9238.13138174601
Latin America & the Caribbean (IDA & IBRD countries),TLA,"Population, total",SP.POP.TOTL,599937483,606271969,612506457,618641500,624681220
Latin America & the Caribbean (IDA & IBRD countries),TLA,GDP per capita (constant 2010 US$),NY.GDP.PCAP.KD,9605.86080206705,9510.03291878231,9375.51762144283,9456.54241427907,9521.9405035784
Least developed countries: UN classification,LDC,"Population, total",SP.POP.TOTL,919226401,941131317,963511276,986365080,1009662578
Least developed countries: UN classification,LDC,GDP per capita (constant 2010 US$),NY.GDP.PCAP.KD,903.716469823566,914.583775686627,929.146293098591,949.241547114583,968.717856548727
Low & middle income,LMY,"Population, total",SP.POP.TOTL,6048822070,6126712584,6205233900,6284043441,6361429560.5
Low & middle income,LMY,GDP per capita (constant 2010 US$),NY.GDP.PCAP.KD,4157.07733383134,4265.99439316278,4392.91454902772,4551.74763800932,4695.41372438399
Low income,LIC,"Population, total",SP.POP.TOTL,588174709,603234541,618780841,634796692,651327587
Low income,LIC,GDP per capita (constant 2010 US$),NY.GDP.PCAP.KD,776.739832688928,772.838402128913,782.373046111353,790.928144073569,799.296791572348
Lower middle income,LMC,"Population, total",SP.POP.TOTL,2709173405,2749824313,2790617792,2831466703,2872397765
Lower middle income,LMC,GDP per capita (constant 2010 US$),NY.GDP.PCAP.KD,1784.94949706961,1857.51407154205,1932.96601424433,2009.25461665923,2082.90564748765
Middle East & North Africa,MEA,"Population, total",SP.POP.TOTL,417932241,425821770,433597628,441255236,448912962
Middle East & North Africa,MEA,GDP per capita (constant 2010 US$),NY.GDP.PCAP.KD,7554.62054407463,7594.92799014133,7833.17020984808,7816.87860135922,7756.83774771526
Middle East & North Africa (excluding high income),MNA,"Population, total",SP.POP.TOTL,357637340,363975550,370276461,376546755,382896715
Middle East & North Africa (excluding high income),MNA,GDP per capita (constant 2010 US$),NY.GDP.PCAP.KD,4095.7714246629,4054.4063161644,4297.71135491555,4348.98776311014,4260.69435748699
Middle East & North Africa (IDA & IBRD countries),TMN,"Population, total",SP.POP.TOTL,353463942,359705458,365909373,372091950,378327628
Middle East & North Africa (IDA & IBRD countries),TMN,GDP per capita (constant 2010 US$),NY.GDP.PCAP.KD,4110.5818524276,4068.30503422962,4312.35698913361,4364.52545494134,4275.76076045941
Middle income,MIC,"Population, total",SP.POP.TOTL,5460647361,5523478043,5586453059,5649246749,5710101973.5
Middle income,MIC,GDP per capita (constant 2010 US$),NY.GDP.PCAP.KD,4520.89536287519,4646.89268679964,4792.13615914464,4973.39677397958,5138.70982483801
North America,NAC,"Population, total",SP.POP.TOTL,353803581,356403308,359115352,361592733,363809186
North America,NAC,GDP per capita (constant 2010 US$),NY.GDP.PCAP.KD,50996.6987945948,51984.0532555471,52404.276759477,53318.9536408337,54497.9074488217
Not classified,INX,"Population, total",SP.POP.TOTL,..,..,..,..,..
Not classified,INX,GDP per capita (constant 2010 US$),NY.GDP.PCAP.KD,..,..,..,..,..
OECD members,OED,"Population, total",SP.POP.TOTL,1319149967,1327822047,1336645071,1344872020,1352645878
OECD members,OED,GDP per capita (constant 2010 US$),NY.GDP.PCAP.KD,36502.2102866841,37141.1477630826,37541.6093197177,38271.0821227879,38890.8221148243
Other small states,OSS,"Population, total",SP.POP.TOTL,28364410,28948869,29542879,30148800,30760211
Other small states,OSS,GDP per capita (constant 2010 US$),NY.GDP.PCAP.KD,13610.9754259618,13755.0571451115,13849.8360390994,13715.1936834803,13714.3956560691
Pacific island small states,PSS,"Population, total",SP.POP.TOTL,2325136,2355672,2388307,2422086,2457367
Pacific island small states,PSS,GDP per capita (constant 2010 US$),NY.GDP.PCAP.KD,3171.79804891945,3243.98095986252,3316.35832978558,3405.74147167451,3453.03816943927
Post-demographic dividend,PST,"Population, total",SP.POP.TOTL,1091996107,1096860060,1101715022,1105771602,1109441474
Post-demographic dividend,PST,GDP per capita (constant 2010 US$),NY.GDP.PCAP.KD,41317.3606075093,41998.5999769005,42503.4659035869,43377.4142034587,44142.4223327511
Pre-demographic dividend,PRE,"Population, total",SP.POP.TOTL,821931240,845759344,869943914,894512725,919485393
Pre-demographic dividend,PRE,GDP per capita (constant 2010 US$),NY.GDP.PCAP.KD,1523.31196544155,1524.63250675751,1526.69537034865,1505.38135141875,1493.65868428363
Small states,SST,"Population, total",SP.POP.TOTL,37862988,38526747,39200571,39885872,40576536
Small states,SST,GDP per capita (constant 2010 US$),NY.GDP.PCAP.KD,12158.9398797092,12288.0556276241,12340.6414196927,12254.1016425897,12284.4288626959
South Asia,SAS,"Population, total",SP.POP.TOTL,1727640967,1749417068,1771167194,1792835608,1814388744
South Asia,SAS,GDP per capita (constant 2010 US$),NY.GDP.PCAP.KD,1501.8106254106,1594.05863916995,1696.95235398665,1790.92738805557,1877.53010157301
South Asia (IDA & IBRD),TSA,"Population, total",SP.POP.TOTL,1727640967,1749417068,1771167194,1792835608,1814388744
South Asia (IDA & IBRD),TSA,GDP per capita (constant 2010 US$),NY.GDP.PCAP.KD,1501.8106254106,1594.05863916995,1696.95235398666,1790.92738805557,1877.53010157301
Sub-Saharan Africa,SSF,"Population, total",SP.POP.TOTL,968959787,995458478,1022526541,1050153672,1078306520
Sub-Saharan Africa,SSF,GDP per capita (constant 2010 US$),NY.GDP.PCAP.KD,1697.69264486268,1698.4564533238,1672.69572762982,1667.46882553578,1662.68929496857
Sub-Saharan Africa (excluding high income),SSA,"Population, total",SP.POP.TOTL,967607494,994102454,1021168391,1048793216,1076944455
Sub-Saharan Africa (excluding high income),SSA,GDP per capita (constant 2010 US$),NY.GDP.PCAP.KD,1686.9139422371,1687.50099641473,1661.49278185075,1656.05095641863,1651.06792614227
Sub-Saharan Africa (IDA & IBRD countries),TSS,"Population, total",SP.POP.TOTL,968959787,995458478,1022526541,1050153672,1078306520
Sub-Saharan Africa (IDA & IBRD countries),TSS,GDP per capita (constant 2010 US$),NY.GDP.PCAP.KD,1697.69264486268,1698.4564533238,1672.69572762982,1667.46882553578,1662.68929496857
Upper middle income,UMC,"Population, total",SP.POP.TOTL,2751473956,2773653730,2795835267,2817780046,2837704208.5
Upper middle income,UMC,GDP per capita (constant 2010 US$),NY.GDP.PCAP.KD,7214.78154929989,7411.69086705233,7644.82348608995,7950.52928585797,8230.10278802294
World,WLD,"Population, total",SP.POP.TOTL,7254226881,7338964954,7424286143,7509074479,7591945270.5
World,WLD,GDP per capita (constant 2010 US$),NY.GDP.PCAP.KD,10178.3721655901,10349.9930849994,10497.6488077705,10721.4835303307,10920.1226945364
,,,,,,,,
,,,,,,,,
,,,,,,,,
Data from database: World Development Indicators,,,,,,,,
Last Updated: 12/16/2020,,,,,,,,
